"","TrialTypes..min.room_room.size_block.number_forced.choice.","Stimuli","Durations..block.fixation.post.outcome.jitter.pre.outcome.jitter.","left_right_reward_new"
"1","0_5_0_R",NA,"0.0 0.25 0.00","65_42"
"2","0_5_0_R",NA,"0.0 0.44 0.00","65_33"
"3","0_5_0_R",NA,"0.0 0.45 0.00","65_48"
"4","0_5_0_L",NA,"0.0 0.28 0.00","65_41"
"5","0_5_0_X",NA,"1.0 0.32 0.00","68_35"
"6","0_10_1_R",NA,"0.0 0.26 0.00","41_25"
"7","0_10_1_R",NA,"0.0 0.37 0.00","41_24"
"8","0_10_1_L",NA,"0.0 0.45 0.00","41_29"
"9","0_10_1_R",NA,"0.0 0.49 0.00","41_38"
"10","0_10_1_X",NA,"0.0 0.49 0.00","37_26"
"11","0_10_1_X",NA,"0.0 0.42 0.00","52_32"
"12","0_10_1_X",NA,"0.0 0.39 0.00","50_38"
"13","0_10_1_X",NA,"0.0 0.33 0.00","32_29"
"14","0_10_1_X",NA,"0.0 0.34 0.00","38_18"
"15","0_10_1_X",NA,"1.0 0.29 0.00","41_29"
"16","0_5_2_L",NA,"0.0 0.49 0.00","47_40"
"17","0_5_2_L",NA,"0.0 0.50 0.00","36_40"
"18","0_5_2_L",NA,"0.0 0.39 0.00","49_40"
"19","0_5_2_R",NA,"0.0 0.31 0.00","44_40"
"20","0_5_2_X",NA,"1.5 0.26 0.00","42_46"
"21","0_10_3_R",NA,"0.0 0.30 0.00","38_47"
"22","0_10_3_R",NA,"0.0 0.27 0.00","38_38"
"23","0_10_3_L",NA,"0.0 0.38 0.00","38_46"
"24","0_10_3_R",NA,"0.0 0.38 0.00","38_53"
"25","0_10_3_X",NA,"0.0 0.46 0.00","41_41"
"26","0_10_3_X",NA,"0.0 0.25 0.00","52_37"
"27","0_10_3_X",NA,"0.0 0.45 0.00","53_30"
"28","0_10_3_X",NA,"0.0 0.36 0.00","38_47"
"29","0_10_3_X",NA,"0.0 0.40 0.00","39_30"
"30","0_10_3_X",NA,"1.5 0.43 0.00","46_38"
"31","0_5_4_L",NA,"0.0 0.44 0.00","34_53"
"32","0_5_4_L",NA,"0.0 0.38 0.00","50_53"
"33","0_5_4_R",NA,"0.0 0.49 0.00","41_53"
"34","0_5_4_L",NA,"0.0 0.32 0.00","39_53"
"35","0_5_4_X",NA,"1.0 0.48 0.00","45_49"
"36","0_10_5_L",NA,"0.0 0.35 0.00","67_83"
"37","0_10_5_L",NA,"0.0 0.43 0.00","58_83"
"38","0_10_5_L",NA,"0.0 0.45 0.00","52_83"
"39","0_10_5_R",NA,"0.0 0.33 0.00","60_83"
"40","0_10_5_X",NA,"0.0 0.30 0.00","63_79"
"41","0_10_5_X",NA,"0.0 0.46 0.00","54_89"
"42","0_10_5_X",NA,"0.0 0.49 0.00","61_73"
"43","0_10_5_X",NA,"0.0 0.44 0.00","68_92"
"44","0_10_5_X",NA,"0.0 0.38 0.00","52_88"
"45","0_10_5_X",NA,"1.5 0.38 0.00","59_83"
"46","0_5_6_L",NA,"0.0 0.36 0.00","48_42"
"47","0_5_6_L",NA,"0.0 0.32 0.00","32_42"
"48","0_5_6_L",NA,"0.0 0.38 0.00","40_42"
"49","0_5_6_R",NA,"0.0 0.37 0.00","40_42"
"50","0_5_6_X",NA,"0.5 0.41 0.00","43_41"
"51","0_10_7_R",NA,"0.0 0.41 0.00","59_71"
"52","0_10_7_L",NA,"0.0 0.44 0.00","59_63"
"53","0_10_7_R",NA,"0.0 0.43 0.00","59_56"
"54","0_10_7_R",NA,"0.0 0.50 0.00","59_62"
"55","0_10_7_X",NA,"0.0 0.42 0.00","57_64"
"56","0_10_7_X",NA,"0.0 0.32 0.00","58_78"
"57","0_10_7_X",NA,"0.0 0.36 0.00","51_53"
"58","0_10_7_X",NA,"0.0 0.28 0.00","53_60"
"59","0_10_7_X",NA,"0.0 0.48 0.00","67_57"
"60","0_10_7_X",NA,"0.5 0.26 0.00","59_63"
"61","0_5_8_L",NA,"0.0 0.38 0.00","67_60"
"62","0_5_8_L",NA,"0.0 0.32 0.00","61_60"
"63","0_5_8_R",NA,"0.0 0.27 0.00","68_60"
"64","0_5_8_L",NA,"0.0 0.38 0.00","76_60"
"65","0_5_8_X",NA,"0.5 0.34 0.00","58_72"
"66","0_10_9_R",NA,"0.0 0.30 0.00","44_33"
"67","0_10_9_L",NA,"0.0 0.36 0.00","44_40"
"68","0_10_9_R",NA,"0.0 0.41 0.00","44_48"
"69","0_10_9_R",NA,"0.0 0.34 0.00","44_39"
"70","0_10_9_X",NA,"0.0 0.29 0.00","47_53"
"71","0_10_9_X",NA,"0.0 0.42 0.00","54_42"
"72","0_10_9_X",NA,"0.0 0.41 0.00","29_35"
"73","0_10_9_X",NA,"0.0 0.46 0.00","36_37"
"74","0_10_9_X",NA,"0.0 0.34 0.00","33_51"
"75","0_10_9_X",NA,"1.0 0.33 0.00","40_44"
"76","0_5_10_R",NA,"0.0 0.35 0.00","60_64"
"77","0_5_10_R",NA,"0.0 0.44 0.00","60_59"
"78","0_5_10_R",NA,"0.0 0.26 0.00","60_51"
"79","0_5_10_L",NA,"0.0 0.45 0.00","60_58"
"80","0_5_10_X",NA,"1.0 0.47 0.00","59_58"
"81","0_10_11_L",NA,"0.0 0.44 0.00","51_19"
"82","0_10_11_L",NA,"0.0 0.38 0.00","42_19"
"83","0_10_11_L",NA,"0.0 0.47 0.00","36_19"
"84","0_10_11_R",NA,"0.0 0.35 0.00","44_19"
"85","0_10_11_X",NA,"0.0 0.29 0.00","47_15"
"86","0_10_11_X",NA,"0.0 0.42 0.00","38_25"
"87","0_10_11_X",NA,"0.0 0.26 0.00","45_9"
"88","0_10_11_X",NA,"0.0 0.41 0.00","52_28"
"89","0_10_11_X",NA,"0.0 0.42 0.00","36_24"
"90","0_10_11_X",NA,"0.5 0.26 0.00","43_19"
"91","0_5_12_L",NA,"0.0 0.37 0.00","46_41"
"92","0_5_12_L",NA,"0.0 0.38 0.00","62_41"
"93","0_5_12_R",NA,"0.0 0.29 0.00","53_41"
"94","0_5_12_L",NA,"0.0 0.46 0.00","51_41"
"95","0_5_12_X",NA,"0.5 0.49 0.00","57_37"
"96","0_10_13_L",NA,"0.0 0.41 0.00","66_60"
"97","0_10_13_L",NA,"0.0 0.38 0.00","50_60"
"98","0_10_13_L",NA,"0.0 0.29 0.00","58_60"
"99","0_10_13_R",NA,"0.0 0.28 0.00","58_60"
"100","0_10_13_X",NA,"0.0 0.31 0.00","59_61"
"101","0_10_13_X",NA,"0.0 0.49 0.00","64_65"
"102","0_10_13_X",NA,"0.0 0.33 0.00","53_54"
"103","0_10_13_X",NA,"0.0 0.37 0.00","67_68"
"104","0_10_13_X",NA,"0.0 0.27 0.00","50_68"
"105","0_10_13_X",NA,"0.5 0.40 0.00","58_60"
"106","0_5_14_L",NA,"0.0 0.33 0.00","31_40"
"107","0_5_14_L",NA,"0.0 0.35 0.00","25_40"
"108","0_5_14_R",NA,"0.0 0.30 0.00","32_40"
"109","0_5_14_L",NA,"0.0 0.49 0.00","40_40"
"110","0_5_14_X",NA,"1.5 0.47 0.00","36_38"
"111","0_10_15_R",NA,"0.0 0.28 0.00","58_51"
"112","0_10_15_R",NA,"0.0 0.30 0.00","58_42"
"113","0_10_15_L",NA,"0.0 0.28 0.00","58_50"
"114","0_10_15_R",NA,"0.0 0.38 0.00","58_57"
"115","0_10_15_X",NA,"0.0 0.43 0.00","61_45"
"116","0_10_15_X",NA,"0.0 0.37 0.00","57_56"
"117","0_10_15_X",NA,"0.0 0.37 0.00","50_57"
"118","0_10_15_X",NA,"0.0 0.37 0.00","67_42"
"119","0_10_15_X",NA,"0.0 0.32 0.00","50_43"
"120","0_10_15_X",NA,"1.0 0.43 0.00","58_50"
"121","0_5_16_R",NA,"0.0 0.42 0.00","37_53"
"122","0_5_16_R",NA,"0.0 0.46 0.00","37_68"
"123","0_5_16_R",NA,"0.0 0.39 0.00","37_62"
"124","0_5_16_L",NA,"0.0 0.36 0.00","37_61"
"125","0_5_16_X",NA,"0.5 0.29 0.00","40_55"
"126","0_10_17_R",NA,"0.0 0.34 0.00","41_49"
"127","0_10_17_R",NA,"0.0 0.37 0.00","41_48"
"128","0_10_17_L",NA,"0.0 0.36 0.00","41_53"
"129","0_10_17_R",NA,"0.0 0.48 0.00","41_62"
"130","0_10_17_X",NA,"0.0 0.46 0.00","44_50"
"131","0_10_17_X",NA,"0.0 0.49 0.00","52_56"
"132","0_10_17_X",NA,"0.0 0.47 0.00","50_62"
"133","0_10_17_X",NA,"0.0 0.28 0.00","32_53"
"134","0_10_17_X",NA,"0.0 0.34 0.00","38_42"
"135","0_10_17_X",NA,"1.5 0.49 0.00","41_53"
"136","0_5_18_L",NA,"0.0 0.26 0.00","43_44"
"137","0_5_18_L",NA,"0.0 0.49 0.00","32_44"
"138","0_5_18_L",NA,"0.0 0.30 0.00","45_44"
"139","0_5_18_R",NA,"0.0 0.49 0.00","40_44"
"140","0_5_18_X",NA,"1.5 0.37 0.00","42_46"
"141","0_10_19_L",NA,"0.0 0.26 0.00","40_38"
"142","0_10_19_R",NA,"0.0 0.42 0.00","40_44"
"143","0_10_19_R",NA,"0.0 0.28 0.00","40_31"
"144","0_10_19_R",NA,"0.0 0.47 0.00","40_39"
"145","0_10_19_X",NA,"0.0 0.43 0.00","46_45"
"146","0_10_19_X",NA,"0.0 0.29 0.00","36_38"
"147","0_10_19_X",NA,"0.0 0.30 0.00","31_36"
"148","0_10_19_X",NA,"0.0 0.45 0.00","38_49"
"149","0_10_19_X",NA,"0.0 0.45 0.00","45_32"
"150","0_10_19_X",NA,"1.5 0.27 0.00","38_40"
"151","1_5_20_R",NA,"0.0 0.34 0.00","35_58"
"152","1_5_20_R",NA,"0.0 0.31 0.00","35_67"
"153","1_5_20_R",NA,"0.0 0.31 0.00","35_52"
"154","1_5_20_L",NA,"0.0 0.30 0.00","35_59"
"155","1_5_20_X",NA,"1.0 0.37 0.00","32_65"
"156","1_10_21_R",NA,"0.0 0.28 0.00","62_53"
"157","1_10_21_R",NA,"0.0 0.47 0.00","62_62"
"158","1_10_21_L",NA,"0.0 0.27 0.00","62_54"
"159","1_10_21_R",NA,"0.0 0.47 0.00","62_47"
"160","1_10_21_X",NA,"0.0 0.41 0.00","59_59"
"161","1_10_21_X",NA,"0.0 0.28 0.00","48_63"
"162","1_10_21_X",NA,"0.0 0.25 0.00","47_70"
"163","1_10_21_X",NA,"0.0 0.30 0.00","62_53"
"164","1_10_21_X",NA,"0.0 0.36 0.00","61_70"
"165","1_10_21_X",NA,"0.5 0.34 0.00","54_62"
"166","1_5_22_L",NA,"0.0 0.39 0.00","53_60"
"167","1_5_22_L",NA,"0.0 0.29 0.00","64_60"
"168","1_5_22_L",NA,"0.0 0.39 0.00","51_60"
"169","1_5_22_R",NA,"0.0 0.40 0.00","56_60"
"170","1_5_22_X",NA,"0.5 0.50 0.00","58_54"
"171","1_10_23_R",NA,"0.0 0.38 0.00","59_51"
"172","1_10_23_R",NA,"0.0 0.50 0.00","59_52"
"173","1_10_23_L",NA,"0.0 0.39 0.00","59_47"
"174","1_10_23_R",NA,"0.0 0.31 0.00","59_38"
"175","1_10_23_X",NA,"0.0 0.32 0.00","56_50"
"176","1_10_23_X",NA,"0.0 0.45 0.00","48_44"
"177","1_10_23_X",NA,"0.0 0.28 0.00","50_38"
"178","1_10_23_X",NA,"0.0 0.36 0.00","68_47"
"179","1_10_23_X",NA,"0.0 0.50 0.00","62_58"
"180","1_10_23_X",NA,"0.5 0.37 0.00","59_47"
"181","1_5_24_R",NA,"0.0 0.34 0.00","40_36"
"182","1_5_24_R",NA,"0.0 0.36 0.00","40_41"
"183","1_5_24_R",NA,"0.0 0.46 0.00","40_49"
"184","1_5_24_L",NA,"0.0 0.31 0.00","40_42"
"185","1_5_24_X",NA,"1.0 0.47 0.00","41_42"
"186","1_10_25_R",NA,"0.0 0.50 0.00","42_49"
"187","1_10_25_R",NA,"0.0 0.25 0.00","42_58"
"188","1_10_25_L",NA,"0.0 0.33 0.00","42_50"
"189","1_10_25_R",NA,"0.0 0.29 0.00","42_43"
"190","1_10_25_X",NA,"0.0 0.32 0.00","39_55"
"191","1_10_25_X",NA,"0.0 0.48 0.00","43_44"
"192","1_10_25_X",NA,"0.0 0.34 0.00","50_43"
"193","1_10_25_X",NA,"0.0 0.50 0.00","33_58"
"194","1_10_25_X",NA,"0.0 0.38 0.00","50_57"
"195","1_10_25_X",NA,"1.5 0.45 0.00","42_50"
"196","1_5_26_L",NA,"0.0 0.45 0.00","54_59"
"197","1_5_26_L",NA,"0.0 0.32 0.00","38_59"
"198","1_5_26_R",NA,"0.0 0.31 0.00","47_59"
"199","1_5_26_L",NA,"0.0 0.39 0.00","49_59"
"200","1_5_26_X",NA,"1.0 0.47 0.00","43_63"
"201","1_10_27_R",NA,"0.0 0.36 0.00","41_29"
"202","1_10_27_L",NA,"0.0 0.46 0.00","41_37"
"203","1_10_27_R",NA,"0.0 0.26 0.00","41_44"
"204","1_10_27_R",NA,"0.0 0.50 0.00","41_38"
"205","1_10_27_X",NA,"0.0 0.27 0.00","43_36"
"206","1_10_27_X",NA,"0.0 0.29 0.00","42_22"
"207","1_10_27_X",NA,"0.0 0.37 0.00","49_47"
"208","1_10_27_X",NA,"0.0 0.45 0.00","47_40"
"209","1_10_27_X",NA,"0.0 0.49 0.00","33_43"
"210","1_10_27_X",NA,"1.5 0.42 0.00","41_37"
"211","1_5_28_L",NA,"0.0 0.29 0.00","33_40"
"212","1_5_28_L",NA,"0.0 0.27 0.00","39_40"
"213","1_5_28_R",NA,"0.0 0.37 0.00","32_40"
"214","1_5_28_L",NA,"0.0 0.41 0.00","24_40"
"215","1_5_28_X",NA,"1.0 0.36 0.00","42_28"
"216","1_10_29_L",NA,"0.0 0.38 0.00","33_17"
"217","1_10_29_L",NA,"0.0 0.29 0.00","42_17"
"218","1_10_29_L",NA,"0.0 0.30 0.00","48_17"
"219","1_10_29_R",NA,"0.0 0.39 0.00","40_17"
"220","1_10_29_X",NA,"0.0 0.27 0.00","37_21"
"221","1_10_29_X",NA,"0.0 0.42 0.00","46_11"
"222","1_10_29_X",NA,"0.0 0.41 0.00","39_27"
"223","1_10_29_X",NA,"0.0 0.40 0.00","32_8"
"224","1_10_29_X",NA,"0.0 0.33 0.00","48_12"
"225","1_10_29_X",NA,"0.5 0.41 0.00","41_17"
"226","1_5_30_R",NA,"0.0 0.26 0.00","65_53"
"227","1_5_30_L",NA,"0.0 0.40 0.00","65_61"
"228","1_5_30_R",NA,"0.0 0.46 0.00","65_68"
"229","1_5_30_R",NA,"0.0 0.27 0.00","65_62"
"230","1_5_30_X",NA,"1.0 0.43 0.00","60_67"
"231","1_10_31_L",NA,"0.0 0.47 0.00","34_40"
"232","1_10_31_L",NA,"0.0 0.48 0.00","50_40"
"233","1_10_31_L",NA,"0.0 0.28 0.00","42_40"
"234","1_10_31_R",NA,"0.0 0.31 0.00","42_40"
"235","1_10_31_X",NA,"0.0 0.40 0.00","41_39"
"236","1_10_31_X",NA,"0.0 0.35 0.00","36_35"
"237","1_10_31_X",NA,"0.0 0.36 0.00","47_46"
"238","1_10_31_X",NA,"0.0 0.37 0.00","33_32"
"239","1_10_31_X",NA,"0.0 0.43 0.00","50_32"
"240","1_10_31_X",NA,"1.5 0.43 0.00","42_40"
"241","1_5_32_R",NA,"0.0 0.38 0.00","53_32"
"242","1_5_32_R",NA,"0.0 0.29 0.00","53_45"
"243","1_5_32_L",NA,"0.0 0.49 0.00","53_41"
"244","1_5_32_R",NA,"0.0 0.49 0.00","53_46"
"245","1_5_32_X",NA,"0.5 0.45 0.00","50_44"
"246","1_10_33_R",NA,"0.0 0.39 0.00","15_38"
"247","1_10_33_R",NA,"0.0 0.32 0.00","15_47"
"248","1_10_33_R",NA,"0.0 0.45 0.00","15_32"
"249","1_10_33_L",NA,"0.0 0.44 0.00","15_39"
"250","1_10_33_X",NA,"0.0 0.49 0.00","8_33"
"251","1_10_33_X",NA,"0.0 0.44 0.00","2_36"
"252","1_10_33_X",NA,"0.0 0.37 0.00","21_20"
"253","1_10_33_X",NA,"0.0 0.35 0.00","23_21"
"254","1_10_33_X",NA,"0.0 0.46 0.00","18_42"
"255","1_10_33_X",NA,"1.5 0.46 0.00","15_39"
"256","1_5_34_L",NA,"0.0 0.44 0.00","69_60"
"257","1_5_34_L",NA,"0.0 0.46 0.00","75_60"
"258","1_5_34_R",NA,"0.0 0.48 0.00","68_60"
"259","1_5_34_L",NA,"0.0 0.30 0.00","60_60"
"260","1_5_34_X",NA,"0.5 0.47 0.00","64_62"
"261","1_10_35_L",NA,"0.0 0.46 0.00","60_62"
"262","1_10_35_R",NA,"0.0 0.42 0.00","60_56"
"263","1_10_35_R",NA,"0.0 0.31 0.00","60_69"
"264","1_10_35_R",NA,"0.0 0.41 0.00","60_61"
"265","1_10_35_X",NA,"0.0 0.32 0.00","54_55"
"266","1_10_35_X",NA,"0.0 0.49 0.00","64_62"
"267","1_10_35_X",NA,"0.0 0.34 0.00","69_64"
"268","1_10_35_X",NA,"0.0 0.26 0.00","62_51"
"269","1_10_35_X",NA,"0.0 0.34 0.00","55_68"
"270","1_10_35_X",NA,"1.0 0.48 0.00","62_60"
"271","1_5_36_R",NA,"0.0 0.48 0.00","63_47"
"272","1_5_36_R",NA,"0.0 0.35 0.00","63_32"
"273","1_5_36_R",NA,"0.0 0.25 0.00","63_38"
"274","1_5_36_L",NA,"0.0 0.44 0.00","63_39"
"275","1_5_36_X",NA,"1.5 0.48 0.00","60_45"
"276","1_10_37_R",NA,"0.0 0.26 0.00","56_67"
"277","1_10_37_L",NA,"0.0 0.41 0.00","56_60"
"278","1_10_37_R",NA,"0.0 0.32 0.00","56_52"
"279","1_10_37_R",NA,"0.0 0.48 0.00","56_61"
"280","1_10_37_X",NA,"0.0 0.27 0.00","53_47"
"281","1_10_37_X",NA,"0.0 0.36 0.00","46_58"
"282","1_10_37_X",NA,"0.0 0.33 0.00","71_65"
"283","1_10_37_X",NA,"0.0 0.43 0.00","64_63"
"284","1_10_37_X",NA,"0.0 0.31 0.00","67_49"
"285","1_10_37_X",NA,"1.0 0.50 0.00","60_56"
"286","1_5_38_L",NA,"0.0 0.41 0.00","52_58"
"287","1_5_38_L",NA,"0.0 0.50 0.00","68_58"
"288","1_5_38_L",NA,"0.0 0.36 0.00","60_58"
"289","1_5_38_R",NA,"0.0 0.36 0.00","60_58"
"290","1_5_38_X",NA,"1.0 0.48 0.00","57_59"
"291","1_10_39_R",NA,"0.0 0.49 0.00","59_75"
"292","1_10_39_R",NA,"0.0 0.36 0.00","59_76"
"293","1_10_39_L",NA,"0.0 0.30 0.00","59_71"
"294","1_10_39_R",NA,"0.0 0.34 0.00","59_62"
"295","1_10_39_X",NA,"0.0 0.33 0.00","63_74"
"296","1_10_39_X",NA,"0.0 0.41 0.00","48_68"
"297","1_10_39_X",NA,"0.0 0.34 0.00","50_62"
"298","1_10_39_X",NA,"0.0 0.26 0.00","68_71"
"299","1_10_39_X",NA,"0.0 0.49 0.00","62_82"
"300","1_10_39_X",NA,"1.0 0.27 0.00","59_71"
"301","0_5_40_R",NA,"0.0 0.37 0.00","68_52"
"302","0_5_40_L",NA,"0.0 0.42 0.00","68_60"
"303","0_5_40_R",NA,"0.0 0.26 0.00","68_67"
"304","0_5_40_R",NA,"0.0 0.36 0.00","68_61"
"305","0_5_40_X",NA,"0.5 0.29 0.00","71_55"
"306","0_10_41_R",NA,"0.0 0.32 0.00","60_68"
"307","0_10_41_R",NA,"0.0 0.50 0.00","60_63"
"308","0_10_41_R",NA,"0.0 0.27 0.00","60_55"
"309","0_10_41_L",NA,"0.0 0.35 0.00","60_62"
"310","0_10_41_X",NA,"0.0 0.31 0.00","59_62"
"311","0_10_41_X",NA,"0.0 0.41 0.00","58_60"
"312","0_10_41_X",NA,"0.0 0.45 0.00","56_55"
"313","0_10_41_X",NA,"0.0 0.29 0.00","69_62"
"314","0_10_41_X",NA,"0.0 0.41 0.00","52_69"
"315","0_10_41_X",NA,"1.5 0.30 0.00","60_62"
"316","0_5_42_R",NA,"0.0 0.36 0.00","47_68"
"317","0_5_42_R",NA,"0.0 0.30 0.00","47_55"
"318","0_5_42_L",NA,"0.0 0.37 0.00","47_59"
"319","0_5_42_R",NA,"0.0 0.33 0.00","47_54"
"320","0_5_42_X",NA,"1.0 0.39 0.00","50_56"
"321","0_10_43_R",NA,"0.0 0.39 0.00","85_62"
"322","0_10_43_R",NA,"0.0 0.46 0.00","85_53"
"323","0_10_43_R",NA,"0.0 0.47 0.00","85_68"
"324","0_10_43_L",NA,"0.0 0.42 0.00","85_61"
"325","0_10_43_X",NA,"0.0 0.37 0.00","92_67"
"326","0_10_43_X",NA,"0.0 0.48 0.00","98_64"
"327","0_10_43_X",NA,"0.0 0.44 0.00","79_80"
"328","0_10_43_X",NA,"0.0 0.40 0.00","77_79"
"329","0_10_43_X",NA,"0.0 0.26 0.00","82_58"
"330","0_10_43_X",NA,"1.5 0.35 0.00","85_61"
"331","0_5_44_R",NA,"0.0 0.41 0.00","32_47"
"332","0_5_44_R",NA,"0.0 0.39 0.00","32_41"
"333","0_5_44_L",NA,"0.0 0.34 0.00","32_40"
"334","0_5_44_R",NA,"0.0 0.25 0.00","32_32"
"335","0_5_44_X",NA,"0.5 0.49 0.00","35_35"
"336","0_10_45_L",NA,"0.0 0.42 0.00","68_61"
"337","0_10_45_L",NA,"0.0 0.48 0.00","57_61"
"338","0_10_45_L",NA,"0.0 0.41 0.00","70_61"
"339","0_10_45_R",NA,"0.0 0.38 0.00","65_61"
"340","0_10_45_X",NA,"0.0 0.33 0.00","56_74"
"341","0_10_45_X",NA,"0.0 0.26 0.00","67_63"
"342","0_10_45_X",NA,"0.0 0.39 0.00","55_72"
"343","0_10_45_X",NA,"0.0 0.41 0.00","72_56"
"344","0_10_45_X",NA,"0.0 0.33 0.00","54_63"
"345","0_10_45_X",NA,"1.5 0.29 0.00","61_65"
"346","0_5_46_L",NA,"0.0 0.30 0.00","68_58"
"347","0_5_46_L",NA,"0.0 0.48 0.00","52_58"
"348","0_5_46_L",NA,"0.0 0.38 0.00","60_58"
"349","0_5_46_R",NA,"0.0 0.36 0.00","60_58"
"350","0_5_46_X",NA,"1.0 0.33 0.00","61_59"
"351","0_10_47_R",NA,"0.0 0.27 0.00","36_61"
"352","0_10_47_R",NA,"0.0 0.46 0.00","36_52"
"353","0_10_47_R",NA,"0.0 0.47 0.00","36_67"
"354","0_10_47_L",NA,"0.0 0.42 0.00","36_60"
"355","0_10_47_X",NA,"0.0 0.39 0.00","43_66"
"356","0_10_47_X",NA,"0.0 0.41 0.00","49_53"
"357","0_10_47_X",NA,"0.0 0.39 0.00","30_69"
"358","0_10_47_X",NA,"0.0 0.29 0.00","28_68"
"359","0_10_47_X",NA,"0.0 0.39 0.00","33_47"
"360","0_10_47_X",NA,"1.0 0.28 0.00","36_60"
"361","0_5_48_R",NA,"0.0 0.42 0.00","59_42"
"362","0_5_48_R",NA,"0.0 0.32 0.00","59_56"
"363","0_5_48_L",NA,"0.0 0.34 0.00","59_47"
"364","0_5_48_R",NA,"0.0 0.37 0.00","59_43"
"365","0_5_48_X",NA,"0.5 0.25 0.00","62_44"
"366","0_10_49_L",NA,"0.0 0.36 0.00","59_52"
"367","0_10_49_L",NA,"0.0 0.41 0.00","53_52"
"368","0_10_49_R",NA,"0.0 0.36 0.00","60_52"
"369","0_10_49_L",NA,"0.0 0.36 0.00","68_52"
"370","0_10_49_X",NA,"0.0 0.27 0.00","64_50"
"371","0_10_49_X",NA,"0.0 0.40 0.00","52_60"
"372","0_10_49_X",NA,"0.0 0.39 0.00","54_62"
"373","0_10_49_X",NA,"0.0 0.26 0.00","69_43"
"374","0_10_49_X",NA,"0.0 0.42 0.00","68_46"
"375","0_10_49_X",NA,"1.5 0.45 0.00","60_52"
"376","0_5_50_R",NA,"0.0 0.40 0.00","40_43"
"377","0_5_50_R",NA,"0.0 0.39 0.00","40_35"
"378","0_5_50_R",NA,"0.0 0.46 0.00","40_48"
"379","0_5_50_L",NA,"0.0 0.41 0.00","40_42"
"380","0_5_50_X",NA,"1.5 0.46 0.00","42_39"
"381","0_10_51_L",NA,"0.0 0.33 0.00","46_41"
"382","0_10_51_L",NA,"0.0 0.34 0.00","62_41"
"383","0_10_51_R",NA,"0.0 0.37 0.00","53_41"
"384","0_10_51_L",NA,"0.0 0.34 0.00","51_41"
"385","0_10_51_X",NA,"0.0 0.36 0.00","57_37"
"386","0_10_51_X",NA,"0.0 0.39 0.00","52_50"
"387","0_10_51_X",NA,"0.0 0.39 0.00","63_33"
"388","0_10_51_X",NA,"0.0 0.45 0.00","60_36"
"389","0_10_51_X",NA,"0.0 0.35 0.00","37_51"
"390","0_10_51_X",NA,"1.0 0.29 0.00","53_41"
"391","0_5_52_L",NA,"0.0 0.38 0.00","72_40"
"392","0_5_52_L",NA,"0.0 0.30 0.00","63_40"
"393","0_5_52_L",NA,"0.0 0.41 0.00","57_40"
"394","0_5_52_R",NA,"0.0 0.42 0.00","65_40"
"395","0_5_52_X",NA,"0.5 0.50 0.00","68_36"
"396","0_10_53_L",NA,"0.0 0.31 0.00","39_48"
"397","0_10_53_L",NA,"0.0 0.40 0.00","33_48"
"398","0_10_53_R",NA,"0.0 0.36 0.00","40_48"
"399","0_10_53_L",NA,"0.0 0.45 0.00","48_48"
"400","0_10_53_X",NA,"0.0 0.28 0.00","46_44"
"401","0_10_53_X",NA,"0.0 0.27 0.00","56_32"
"402","0_10_53_X",NA,"0.0 0.39 0.00","52_34"
"403","0_10_53_X",NA,"0.0 0.48 0.00","39_49"
"404","0_10_53_X",NA,"0.0 0.26 0.00","42_48"
"405","0_10_53_X",NA,"1.5 0.47 0.00","48_40"
"406","0_5_54_R",NA,"0.0 0.39 0.00","35_47"
"407","0_5_54_L",NA,"0.0 0.39 0.00","35_39"
"408","0_5_54_R",NA,"0.0 0.43 0.00","35_32"
"409","0_5_54_R",NA,"0.0 0.44 0.00","35_38"
"410","0_5_54_X",NA,"1.0 0.32 0.00","40_33"
"411","0_10_55_L",NA,"0.0 0.45 0.00","60_61"
"412","0_10_55_L",NA,"0.0 0.49 0.00","49_61"
"413","0_10_55_L",NA,"0.0 0.29 0.00","62_61"
"414","0_10_55_R",NA,"0.0 0.46 0.00","57_61"
"415","0_10_55_X",NA,"0.0 0.28 0.00","66_56"
"416","0_10_55_X",NA,"0.0 0.33 0.00","55_67"
"417","0_10_55_X",NA,"0.0 0.49 0.00","64_55"
"418","0_10_55_X",NA,"0.0 0.30 0.00","48_72"
"419","0_10_55_X",NA,"0.0 0.46 0.00","55_54"
"420","0_10_55_X",NA,"0.5 0.41 0.00","57_61"
"421","0_5_56_L",NA,"0.0 0.49 0.00","48_64"
"422","0_5_56_L",NA,"0.0 0.27 0.00","39_64"
"423","0_5_56_L",NA,"0.0 0.41 0.00","33_64"
"424","0_5_56_R",NA,"0.0 0.42 0.00","41_64"
"425","0_5_56_X",NA,"1.0 0.49 0.00","44_60"
"426","0_10_57_L",NA,"0.0 0.47 0.00","50_40"
"427","0_10_57_L",NA,"0.0 0.44 0.00","34_40"
"428","0_10_57_L",NA,"0.0 0.46 0.00","42_40"
"429","0_10_57_R",NA,"0.0 0.44 0.00","42_40"
"430","0_10_57_X",NA,"0.0 0.41 0.00","41_43"
"431","0_10_57_X",NA,"0.0 0.40 0.00","45_48"
"432","0_10_57_X",NA,"0.0 0.26 0.00","34_37"
"433","0_10_57_X",NA,"0.0 0.47 0.00","48_51"
"434","0_10_57_X",NA,"0.0 0.41 0.00","48_34"
"435","0_10_57_X",NA,"0.5 0.45 0.00","40_42"
"436","0_5_58_R",NA,"0.0 0.39 0.00","39_43"
"437","0_5_58_L",NA,"0.0 0.46 0.00","39_35"
"438","0_5_58_R",NA,"0.0 0.42 0.00","39_28"
"439","0_5_58_R",NA,"0.0 0.36 0.00","39_34"
"440","0_5_58_X",NA,"0.5 0.42 0.00","37_36"
"441","0_10_59_L",NA,"0.0 0.34 0.00","54_73"
"442","0_10_59_L",NA,"0.0 0.46 0.00","70_73"
"443","0_10_59_R",NA,"0.0 0.50 0.00","61_73"
"444","0_10_59_L",NA,"0.0 0.43 0.00","59_73"
"445","0_10_59_X",NA,"0.0 0.29 0.00","65_69"
"446","0_10_59_X",NA,"0.0 0.32 0.00","60_82"
"447","0_10_59_X",NA,"0.0 0.42 0.00","71_65"
"448","0_10_59_X",NA,"0.0 0.25 0.00","68_68"
"449","0_10_59_X",NA,"0.0 0.31 0.00","45_83"
"450","0_10_59_X",NA,"1.5 0.39 0.00","61_73"
"451","1_5_60_L",NA,"0.0 0.32 0.00","57_56"
"452","1_5_60_L",NA,"0.0 0.42 0.00","68_56"
"453","1_5_60_L",NA,"0.0 0.28 0.00","55_56"
"454","1_5_60_R",NA,"0.0 0.33 0.00","60_56"
"455","1_5_60_X",NA,"0.5 0.49 0.00","58_54"
"456","1_10_61_L",NA,"0.0 0.34 0.00","49_81"
"457","1_10_61_L",NA,"0.0 0.29 0.00","58_81"
"458","1_10_61_L",NA,"0.0 0.45 0.00","64_81"
"459","1_10_61_R",NA,"0.0 0.40 0.00","56_81"
"460","1_10_61_X",NA,"0.0 0.49 0.00","53_85"
"461","1_10_61_X",NA,"0.0 0.40 0.00","62_75"
"462","1_10_61_X",NA,"0.0 0.28 0.00","55_91"
"463","1_10_61_X",NA,"0.0 0.45 0.00","48_72"
"464","1_10_61_X",NA,"0.0 0.35 0.00","64_76"
"465","1_10_61_X",NA,"0.5 0.46 0.00","57_81"
"466","1_5_62_L",NA,"0.0 0.40 0.00","66_47"
"467","1_5_62_L",NA,"0.0 0.49 0.00","50_47"
"468","1_5_62_R",NA,"0.0 0.36 0.00","59_47"
"469","1_5_62_L",NA,"0.0 0.48 0.00","61_47"
"470","1_5_62_X",NA,"0.5 0.40 0.00","55_51"
"471","1_10_63_L",NA,"0.0 0.33 0.00","32_39"
"472","1_10_63_L",NA,"0.0 0.36 0.00","43_39"
"473","1_10_63_L",NA,"0.0 0.46 0.00","30_39"
"474","1_10_63_R",NA,"0.0 0.44 0.00","35_39"
"475","1_10_63_X",NA,"0.0 0.50 0.00","44_26"
"476","1_10_63_X",NA,"0.0 0.27 0.00","33_37"
"477","1_10_63_X",NA,"0.0 0.37 0.00","45_28"
"478","1_10_63_X",NA,"0.0 0.30 0.00","28_44"
"479","1_10_63_X",NA,"0.0 0.36 0.00","46_37"
"480","1_10_63_X",NA,"1.5 0.29 0.00","39_35"
"481","1_5_64_L",NA,"0.0 0.32 0.00","28_60"
"482","1_5_64_L",NA,"0.0 0.44 0.00","37_60"
"483","1_5_64_L",NA,"0.0 0.48 0.00","43_60"
"484","1_5_64_R",NA,"0.0 0.41 0.00","35_60"
"485","1_5_64_X",NA,"1.5 0.34 0.00","32_64"
"486","1_10_65_L",NA,"0.0 0.25 0.00","50_60"
"487","1_10_65_L",NA,"0.0 0.38 0.00","66_60"
"488","1_10_65_L",NA,"0.0 0.36 0.00","58_60"
"489","1_10_65_R",NA,"0.0 0.37 0.00","58_60"
"490","1_10_65_X",NA,"0.0 0.28 0.00","59_57"
"491","1_10_65_X",NA,"0.0 0.36 0.00","55_52"
"492","1_10_65_X",NA,"0.0 0.33 0.00","66_63"
"493","1_10_65_X",NA,"0.0 0.48 0.00","52_49"
"494","1_10_65_X",NA,"0.0 0.37 0.00","52_66"
"495","1_10_65_X",NA,"0.5 0.48 0.00","60_58"
"496","1_5_66_R",NA,"0.0 0.38 0.00","61_57"
"497","1_5_66_L",NA,"0.0 0.25 0.00","61_65"
"498","1_5_66_R",NA,"0.0 0.25 0.00","61_72"
"499","1_5_66_R",NA,"0.0 0.34 0.00","61_66"
"500","1_5_66_X",NA,"0.5 0.28 0.00","63_64"
"501","1_10_67_L",NA,"0.0 0.47 0.00","54_59"
"502","1_10_67_L",NA,"0.0 0.30 0.00","38_59"
"503","1_10_67_R",NA,"0.0 0.29 0.00","47_59"
"504","1_10_67_L",NA,"0.0 0.37 0.00","49_59"
"505","1_10_67_X",NA,"0.0 0.40 0.00","43_63"
"506","1_10_67_X",NA,"0.0 0.33 0.00","48_50"
"507","1_10_67_X",NA,"0.0 0.37 0.00","37_67"
"508","1_10_67_X",NA,"0.0 0.48 0.00","40_64"
"509","1_10_67_X",NA,"0.0 0.36 0.00","63_49"
"510","1_10_67_X",NA,"0.5 0.49 0.00","47_59"
"511","1_5_68_R",NA,"0.0 0.35 0.00","60_57"
"512","1_5_68_R",NA,"0.0 0.43 0.00","60_65"
"513","1_5_68_R",NA,"0.0 0.46 0.00","60_52"
"514","1_5_68_L",NA,"0.0 0.45 0.00","60_58"
"515","1_5_68_X",NA,"1.0 0.33 0.00","58_61"
"516","1_10_69_L",NA,"0.0 0.34 0.00","46_27"
"517","1_10_69_L",NA,"0.0 0.30 0.00","30_27"
"518","1_10_69_R",NA,"0.0 0.37 0.00","39_27"
"519","1_10_69_L",NA,"0.0 0.34 0.00","41_27"
"520","1_10_69_X",NA,"0.0 0.33 0.00","35_31"
"521","1_10_69_X",NA,"0.0 0.25 0.00","40_18"
"522","1_10_69_X",NA,"0.0 0.28 0.00","29_35"
"523","1_10_69_X",NA,"0.0 0.26 0.00","32_32"
"524","1_10_69_X",NA,"0.0 0.42 0.00","55_17"
"525","1_10_69_X",NA,"1.5 0.43 0.00","39_27"
"526","1_5_70_R",NA,"0.0 0.43 0.00","32_48"
"527","1_5_70_L",NA,"0.0 0.26 0.00","32_40"
"528","1_5_70_R",NA,"0.0 0.28 0.00","32_33"
"529","1_5_70_R",NA,"0.0 0.30 0.00","32_39"
"530","1_5_70_X",NA,"1.0 0.43 0.00","29_45"
"531","1_10_71_R",NA,"0.0 0.31 0.00","64_39"
"532","1_10_71_R",NA,"0.0 0.47 0.00","64_48"
"533","1_10_71_R",NA,"0.0 0.26 0.00","64_33"
"534","1_10_71_L",NA,"0.0 0.44 0.00","64_40"
"535","1_10_71_X",NA,"0.0 0.41 0.00","57_34"
"536","1_10_71_X",NA,"0.0 0.26 0.00","51_47"
"537","1_10_71_X",NA,"0.0 0.29 0.00","70_31"
"538","1_10_71_X",NA,"0.0 0.27 0.00","72_32"
"539","1_10_71_X",NA,"0.0 0.29 0.00","67_53"
"540","1_10_71_X",NA,"1.5 0.50 0.00","64_40"
"541","1_5_72_L",NA,"0.0 0.39 0.00","32_42"
"542","1_5_72_L",NA,"0.0 0.30 0.00","48_42"
"543","1_5_72_L",NA,"0.0 0.29 0.00","40_42"
"544","1_5_72_R",NA,"0.0 0.29 0.00","40_42"
"545","1_5_72_X",NA,"1.0 0.26 0.00","39_41"
"546","1_10_73_L",NA,"0.0 0.43 0.00","40_39"
"547","1_10_73_L",NA,"0.0 0.36 0.00","51_39"
"548","1_10_73_L",NA,"0.0 0.34 0.00","38_39"
"549","1_10_73_R",NA,"0.0 0.35 0.00","43_39"
"550","1_10_73_X",NA,"0.0 0.39 0.00","34_44"
"551","1_10_73_X",NA,"0.0 0.50 0.00","45_33"
"552","1_10_73_X",NA,"0.0 0.26 0.00","36_45"
"553","1_10_73_X",NA,"0.0 0.43 0.00","52_28"
"554","1_10_73_X",NA,"0.0 0.43 0.00","45_46"
"555","1_10_73_X",NA,"1.0 0.40 0.00","43_39"
"556","1_5_74_R",NA,"0.0 0.46 0.00","68_53"
"557","1_5_74_R",NA,"0.0 0.46 0.00","68_59"
"558","1_5_74_L",NA,"0.0 0.32 0.00","68_60"
"559","1_5_74_R",NA,"0.0 0.41 0.00","68_68"
"560","1_5_74_X",NA,"1.0 0.36 0.00","65_65"
"561","1_10_75_L",NA,"0.0 0.27 0.00","61_52"
"562","1_10_75_L",NA,"0.0 0.42 0.00","67_52"
"563","1_10_75_R",NA,"0.0 0.44 0.00","60_52"
"564","1_10_75_L",NA,"0.0 0.45 0.00","52_52"
"565","1_10_75_X",NA,"0.0 0.28 0.00","54_56"
"566","1_10_75_X",NA,"0.0 0.48 0.00","44_68"
"567","1_10_75_X",NA,"0.0 0.47 0.00","48_66"
"568","1_10_75_X",NA,"0.0 0.30 0.00","61_51"
"569","1_10_75_X",NA,"0.0 0.28 0.00","58_52"
"570","1_10_75_X",NA,"1.5 0.35 0.00","52_60"
"571","1_5_76_L",NA,"0.0 0.38 0.00","52_36"
"572","1_5_76_L",NA,"0.0 0.29 0.00","61_36"
"573","1_5_76_L",NA,"0.0 0.48 0.00","67_36"
"574","1_5_76_R",NA,"0.0 0.50 0.00","59_36"
"575","1_5_76_X",NA,"0.5 0.38 0.00","56_40"
"576","1_10_77_R",NA,"0.0 0.31 0.00","40_32"
"577","1_10_77_R",NA,"0.0 0.37 0.00","40_37"
"578","1_10_77_R",NA,"0.0 0.41 0.00","40_45"
"579","1_10_77_L",NA,"0.0 0.31 0.00","40_38"
"580","1_10_77_X",NA,"0.0 0.27 0.00","41_38"
"581","1_10_77_X",NA,"0.0 0.49 0.00","42_40"
"582","1_10_77_X",NA,"0.0 0.44 0.00","44_45"
"583","1_10_77_X",NA,"0.0 0.29 0.00","31_38"
"584","1_10_77_X",NA,"0.0 0.35 0.00","48_31"
"585","1_10_77_X",NA,"1.0 0.50 0.00","40_38"
"586","1_5_78_R",NA,"0.0 0.28 0.00","41_58"
"587","1_5_78_R",NA,"0.0 0.37 0.00","41_44"
"588","1_5_78_L",NA,"0.0 0.44 0.00","41_53"
"589","1_5_78_R",NA,"0.0 0.48 0.00","41_57"
"590","1_5_78_X",NA,"1.5 0.29 0.00","38_56"
"591","1_10_79_L",NA,"0.0 0.33 0.00","41_48"
"592","1_10_79_L",NA,"0.0 0.48 0.00","47_48"
"593","1_10_79_R",NA,"0.0 0.44 0.00","40_48"
"594","1_10_79_L",NA,"0.0 0.46 0.00","32_48"
"595","1_10_79_X",NA,"0.0 0.40 0.00","36_50"
"596","1_10_79_X",NA,"0.0 0.34 0.00","48_40"
"597","1_10_79_X",NA,"0.0 0.46 0.00","46_38"
"598","1_10_79_X",NA,"0.0 0.45 0.00","31_57"
"599","1_10_79_X",NA,"0.0 0.37 0.00","32_54"
"600","1_10_79_X",NA,"1.5 0.46 0.00","40_48"
